CREATE TABLE TCENTR
       (NUMCE INTEGER      NOT NULL,
        NOMCE VARCHAR(25)  NOT NULL,
        SENAS VARCHAR(25)  NOT NULL,
        PRIMARY KEY(NUMCE));

 
CREATE TABLE TDEPTO 
       (NUMDE INTEGER      NOT NULL,
        NUMCE INTEGER,
        DIREC INTEGER,
        TIDIR CHAR(1),
        PRESU DECIMAL(3,0) NOT NULL,
        DEPDE INTEGER,
        NOMDE VARCHAR(20)  NOT NULL,
        PRIMARY KEY(NUMDE));


CREATE TABLE TEMPLE
       (NUMEM INTEGER      NOT NULL,
        NUMDE INTEGER      NOT NULL,
        EXTEL SMALLINT     NOT NULL,
        FECNA DATE     NOT NULL,
        FECIN DATE     NOT NULL,
        SALAR DECIMAL(4,0) NOT NULL,
        COMIS DECIMAL(4,0),
        NUMHI SMALLINT     NOT NULL,
        NOMEM VARCHAR(20)  NOT NULL,
        PRIMARY KEY(NUMEM));




INSERT INTO TCENTR (NUMCE, NOMCE, SENAS)
       VALUES (10, 'SEDE CENTRAL', 'C. ALCALA, 820, MADRID');
INSERT INTO TCENTR (NUMCE, NOMCE, SENAS)
       VALUES (20, 'RELACION CON CLIENTES', 'C. ATOCHA, 405, MADRID');
INSERT INTO TCENTR (NUMCE, NOMCE, SENAS)
       VALUES (50, 'ALMACEN', 'C. LAVAPIES, 520, MADRID');



INSERT INTO TDEPTO (NUMDE, NUMCE, DIREC, TIDIR, PRESU, DEPDE, NOMDE)
       VALUES (100,10,260,'P',120,NULL,'DIRECCION GENERAL');
INSERT INTO TDEPTO (NUMDE, NUMCE, DIREC, TIDIR, PRESU, DEPDE, NOMDE)
       VALUES (110,20,180,'P',150,100,'DIRECCION COMERCIAL');
INSERT INTO TDEPTO (NUMDE, NUMCE, DIREC, TIDIR, PRESU, DEPDE, NOMDE)
        VALUES (111,20,180,'F',110,110,'SECTOR INDUSTRIAL');
INSERT INTO TDEPTO (NUMDE, NUMCE, DIREC, TIDIR, PRESU, DEPDE, NOMDE)
        VALUES (112,20,270,'P',90,110,'SECTOR SERVICIOS');
INSERT INTO TDEPTO (NUMDE, NUMCE, DIREC, TIDIR, PRESU, DEPDE, NOMDE)
        VALUES (120,10,150,'F',30,100,'ORGANIZACION');
INSERT INTO TDEPTO (NUMDE, NUMCE, DIREC, TIDIR, PRESU, DEPDE, NOMDE)
        VALUES (121,10,150,'P',20,120,'PERSONAL');
INSERT INTO TDEPTO (NUMDE, NUMCE, DIREC, TIDIR, PRESU, DEPDE, NOMDE)
        VALUES (122,10,350,'P',60,120,'PROCESO DE DATOS');
INSERT INTO TDEPTO (NUMDE, NUMCE, DIREC, TIDIR, PRESU, DEPDE, NOMDE)
        VALUES (130,10,310,'P',20,100,'FINANZAS');
INSERT INTO TDEPTO (NUMDE, NUMCE, DIREC, TIDIR, PRESU, DEPDE, NOMDE)
        VALUES (123,NULL,150,'F',100,121,'PERSONAL CONTRATADO');




INSERT INTO TEMPLE (NUMEM, NUMDE, EXTEL, FECNA, FECIN, SALAR, COMIS, NUMHI, NOMEM)
        VALUES (110,121,350,STR_TO_DATE('10.11.1929',GET_FORMAT(DATE,'EUR')),STR_TO_DATE('15.02.1950',GET_FORMAT(DATE,'EUR')),3100,NULL,3,'PONS, CESAR');
INSERT INTO TEMPLE (NUMEM, NUMDE, EXTEL, FECNA, FECIN, SALAR, COMIS, NUMHI, NOMEM)
        VALUES (120,112,840,STR_TO_DATE('09.06.1935',GET_FORMAT(DATE,'EUR')),STR_TO_DATE('01.10.1968',GET_FORMAT(DATE,'EUR')),3500,1100,1,'LASA, MARIO');
INSERT INTO TEMPLE (NUMEM, NUMDE, EXTEL, FECNA, FECIN, SALAR, COMIS, NUMHI, NOMEM)
        VALUES (130,112,810,STR_TO_DATE('09.09.1945',GET_FORMAT(DATE,'EUR')),STR_TO_DATE('01.02.1969',GET_FORMAT(DATE,'EUR')),2900,1100,2,'TEROL, LUCIANO');
INSERT INTO TEMPLE (NUMEM, NUMDE, EXTEL, FECNA, FECIN, SALAR, COMIS, NUMHI, NOMEM)
        VALUES (150,121,340,STR_TO_DATE('10.08.1930',GET_FORMAT(DATE,'EUR')),STR_TO_DATE('15.01.1948',GET_FORMAT(DATE,'EUR')),4400,NULL,0,'PEREZ, JULIO');
INSERT INTO TEMPLE (NUMEM, NUMDE, EXTEL, FECNA, FECIN, SALAR, COMIS, NUMHI, NOMEM)
        VALUES (160,110,740,STR_TO_DATE('09.07.1939',GET_FORMAT(DATE,'EUR')),STR_TO_DATE('11.11.1968',GET_FORMAT(DATE,'EUR')),3100,1100,2,'AGUIRE, AUREO');
INSERT INTO TEMPLE (NUMEM, NUMDE, EXTEL, FECNA, FECIN, SALAR, COMIS, NUMHI, NOMEM)
        VALUES (180,110,508,STR_TO_DATE('18.10.1934',GET_FORMAT(DATE,'EUR')),STR_TO_DATE('18.03.1956',GET_FORMAT(DATE,'EUR')),4800,500,2,'PEREZ, MARCOS');
INSERT INTO TEMPLE (NUMEM, NUMDE, EXTEL, FECNA, FECIN, SALAR, COMIS, NUMHI, NOMEM)
        VALUES (190,121,350,STR_TO_DATE('12.05.1932',GET_FORMAT(DATE,'EUR')),STR_TO_DATE('11.02.1962',GET_FORMAT(DATE,'EUR')),3000,NULL,4,'VEIGA, JULIANA');
INSERT INTO TEMPLE (NUMEM, NUMDE, EXTEL, FECNA, FECIN, SALAR, COMIS, NUMHI, NOMEM)
        VALUES (210,100,200,STR_TO_DATE('28.08.1940',GET_FORMAT(DATE,'EUR')),STR_TO_DATE('22.01.1959',GET_FORMAT(DATE,'EUR')),3800,NULL,2,'GALVEZ, PILAR');
INSERT INTO TEMPLE (NUMEM, NUMDE, EXTEL, FECNA, FECIN, SALAR, COMIS, NUMHI, NOMEM)
        VALUES (240,110,760,STR_TO_DATE('26.02.1942',GET_FORMAT(DATE,'EUR')),STR_TO_DATE('24.02.1966',GET_FORMAT(DATE,'EUR')),2800,1000,3,'SANZ, LAVINIA');
INSERT INTO TEMPLE (NUMEM, NUMDE, EXTEL, FECNA, FECIN, SALAR, COMIS, NUMHI, NOMEM)
        VALUES (250,100,250,STR_TO_DATE('27.10.1946',GET_FORMAT(DATE,'EUR')),STR_TO_DATE('01.03.1967',GET_FORMAT(DATE,'EUR')),4500,NULL,0,'ALBA, ADRIANA');
INSERT INTO TEMPLE (NUMEM, NUMDE, EXTEL, FECNA, FECIN, SALAR, COMIS, NUMHI, NOMEM)
        VALUES (260,100,220,STR_TO_DATE('03.12.1943',GET_FORMAT(DATE,'EUR')),STR_TO_DATE('12.07.1968',GET_FORMAT(DATE,'EUR')),7200,NULL,6,'LOPEZ, ANTONIO');
INSERT INTO TEMPLE (NUMEM, NUMDE, EXTEL, FECNA, FECIN, SALAR, COMIS, NUMHI, NOMEM)
        VALUES (270,112,800,STR_TO_DATE('21.05.1945',GET_FORMAT(DATE,'EUR')),STR_TO_DATE('10.09.1966',GET_FORMAT(DATE,'EUR')),3800,800,3,'GARCIA, OCTAVIO');
INSERT INTO TEMPLE (NUMEM, NUMDE, EXTEL, FECNA, FECIN, SALAR, COMIS, NUMHI, NOMEM)
        VALUES (280,130,410,STR_TO_DATE('11.01.1948',GET_FORMAT(DATE,'EUR')),STR_TO_DATE('08.10.1971',GET_FORMAT(DATE,'EUR')),2900,NULL,5,'FLOR, DOROTEA');
INSERT INTO TEMPLE (NUMEM, NUMDE, EXTEL, FECNA, FECIN, SALAR, COMIS, NUMHI, NOMEM)
        VALUES (285,122,620,STR_TO_DATE('25.10.1949',GET_FORMAT(DATE,'EUR')),STR_TO_DATE('15.02.1968',GET_FORMAT(DATE,'EUR')),3800,NULL,0,'POLO, OTILIA');
INSERT INTO TEMPLE (NUMEM, NUMDE, EXTEL, FECNA, FECIN, SALAR, COMIS, NUMHI, NOMEM)
        VALUES (290,120,910,STR_TO_DATE('30.11.1947',GET_FORMAT(DATE,'EUR')),STR_TO_DATE('14.02.1968',GET_FORMAT(DATE,'EUR')),2700,NULL,3,'GIL, GLORIA');
INSERT INTO TEMPLE (NUMEM, NUMDE, EXTEL, FECNA, FECIN, SALAR, COMIS, NUMHI, NOMEM)
        VALUES (310,130,480,STR_TO_DATE('21.11.1946',GET_FORMAT(DATE,'EUR')),STR_TO_DATE('15.01.1971',GET_FORMAT(DATE,'EUR')),4200,NULL,0,'GARCIA, AUGUSTO');
INSERT INTO TEMPLE (NUMEM, NUMDE, EXTEL, FECNA, FECIN, SALAR, COMIS, NUMHI, NOMEM)
        VALUES (320,122,620,STR_TO_DATE('25.12.1957',GET_FORMAT(DATE,'EUR')),STR_TO_DATE('05.02.1978',GET_FORMAT(DATE,'EUR')),4050,NULL,2,'SANZ, CORNELIO');
INSERT INTO TEMPLE (NUMEM, NUMDE, EXTEL, FECNA, FECIN, SALAR, COMIS, NUMHI, NOMEM)
        VALUES (330,112,850,STR_TO_DATE('19.08.1948',GET_FORMAT(DATE,'EUR')),STR_TO_DATE('01.03.1972',GET_FORMAT(DATE,'EUR')),2800,900,0,'DIEZ,AMELIA');
INSERT INTO TEMPLE (NUMEM, NUMDE, EXTEL, FECNA, FECIN, SALAR, COMIS, NUMHI, NOMEM)
        VALUES (350,122,610,STR_TO_DATE('13.04.1949',GET_FORMAT(DATE,'EUR')),STR_TO_DATE('10.09.1984',GET_FORMAT(DATE,'EUR')),4500,NULL,1,'CAMPS, AURELIO');
INSERT INTO TEMPLE (NUMEM, NUMDE, EXTEL, FECNA, FECIN, SALAR, COMIS, NUMHI, NOMEM)
        VALUES (360,111,750,STR_TO_DATE('29.10.1958',GET_FORMAT(DATE,'EUR')),STR_TO_DATE('10.10.1968',GET_FORMAT(DATE,'EUR')),2500,1000,2,'LARA,DORINDA');
INSERT INTO TEMPLE (NUMEM, NUMDE, EXTEL, FECNA, FECIN, SALAR, COMIS, NUMHI, NOMEM)
        VALUES (370,121,360,STR_TO_DATE('22.06.1967',GET_FORMAT(DATE,'EUR')),STR_TO_DATE('20.01.1987',GET_FORMAT(DATE,'EUR')),1900,NULL,1,'RUIZ, FABIOLA');
INSERT INTO TEMPLE (NUMEM, NUMDE, EXTEL, FECNA, FECIN, SALAR, COMIS, NUMHI, NOMEM)
        VALUES (380,112,880,STR_TO_DATE('30.03.1968',GET_FORMAT(DATE,'EUR')),STR_TO_DATE('01.01.1988',GET_FORMAT(DATE,'EUR')),1800,NULL,0,'MARTIN, MICAELA');
INSERT INTO TEMPLE (NUMEM, NUMDE, EXTEL, FECNA, FECIN, SALAR, COMIS, NUMHI, NOMEM)
        VALUES (390,110,500,STR_TO_DATE('19.02.1966',GET_FORMAT(DATE,'EUR')),STR_TO_DATE('08.10.1986',GET_FORMAT(DATE,'EUR')),2150,NULL,1,'MORAN, CARMEN');
INSERT INTO TEMPLE (NUMEM, NUMDE, EXTEL, FECNA, FECIN, SALAR, COMIS, NUMHI, NOMEM)
        VALUES (400,111,780,STR_TO_DATE('18.08.1969',GET_FORMAT(DATE,'EUR')),STR_TO_DATE('01.11.1987',GET_FORMAT(DATE,'EUR')),1850,NULL,0,'LARA, LUCRECIA');
INSERT INTO TEMPLE (NUMEM, NUMDE, EXTEL, FECNA, FECIN, SALAR, COMIS, NUMHI, NOMEM)
        VALUES (410,122,660,STR_TO_DATE('14.07.1968',GET_FORMAT(DATE,'EUR')),STR_TO_DATE('13.10.1988',GET_FORMAT(DATE,'EUR')),1750,NULL,0,'MUÑOZ, AZUCENA');
INSERT INTO TEMPLE (NUMEM, NUMDE, EXTEL, FECNA, FECIN, SALAR, COMIS, NUMHI, NOMEM)
        VALUES (420,130,450,STR_TO_DATE('22.10.1966',GET_FORMAT(DATE,'EUR')),STR_TO_DATE('19.11.1988',GET_FORMAT(DATE,'EUR')),4000,NULL,0,'FIERRO, CLAUDIA');
INSERT INTO TEMPLE (NUMEM, NUMDE, EXTEL, FECNA, FECIN, SALAR, COMIS, NUMHI, NOMEM)
        VALUES (430,122,650,STR_TO_DATE('26.10.1967',GET_FORMAT(DATE,'EUR')),STR_TO_DATE('19.11.1988',GET_FORMAT(DATE,'EUR')),2100,NULL,1,'MORA, VALERIANA');
INSERT INTO TEMPLE (NUMEM, NUMDE, EXTEL, FECNA, FECIN, SALAR, COMIS, NUMHI, NOMEM)
        VALUES (440,111,760,STR_TO_DATE('26.09.1966',GET_FORMAT(DATE,'EUR')),STR_TO_DATE('28.02.1986',GET_FORMAT(DATE,'EUR')),2100,1000,0,'DURAN, LIVIA');
INSERT INTO TEMPLE (NUMEM, NUMDE, EXTEL, FECNA, FECIN, SALAR, COMIS, NUMHI, NOMEM)
        VALUES (450,112,880,STR_TO_DATE('21.10.1966',GET_FORMAT(DATE,'EUR')),STR_TO_DATE('28.02.1986',GET_FORMAT(DATE,'EUR')),2100,1000,0,'PEREZ, SABINA');
INSERT INTO TEMPLE (NUMEM, NUMDE, EXTEL, FECNA, FECIN, SALAR, COMIS, NUMHI, NOMEM)
        VALUES (480,111,760,STR_TO_DATE('04.04.1965',GET_FORMAT(DATE,'EUR')),STR_TO_DATE('28.02.1986',GET_FORMAT(DATE,'EUR')),2100,1000,1,'PINO, DIANA');
INSERT INTO TEMPLE (NUMEM, NUMDE, EXTEL, FECNA, FECIN, SALAR, COMIS, NUMHI, NOMEM)
        VALUES (490,112,880,STR_TO_DATE('06.06.1964',GET_FORMAT(DATE,'EUR')),STR_TO_DATE('01.01.1988',GET_FORMAT(DATE,'EUR')),1800,1000,0,'TORRES, HORACIO');
INSERT INTO TEMPLE (NUMEM, NUMDE, EXTEL, FECNA, FECIN, SALAR, COMIS, NUMHI, NOMEM)
        VALUES (500,111,750,STR_TO_DATE('08.10.1965',GET_FORMAT(DATE,'EUR')),STR_TO_DATE('01.01.1987',GET_FORMAT(DATE,'EUR')),2000,1000,0,'VAZQUEZ, HONORIA');
INSERT INTO TEMPLE (NUMEM, NUMDE, EXTEL, FECNA, FECIN, SALAR, COMIS, NUMHI, NOMEM)
        VALUES (510,110,550,STR_TO_DATE('04.05.1966',GET_FORMAT(DATE,'EUR')),STR_TO_DATE('01.11.1986',GET_FORMAT(DATE,'EUR')),2000,NULL,1,'CAMPOS, ROMULO');
INSERT INTO TEMPLE (NUMEM, NUMDE, EXTEL, FECNA, FECIN, SALAR, COMIS, NUMHI, NOMEM)
        VALUES (550,111,780,STR_TO_DATE('10.01.1970',GET_FORMAT(DATE,'EUR')),STR_TO_DATE('21.01.1988',GET_FORMAT(DATE,'EUR')),1000,1200,0,'SANTOS, SANCHO');

